<?xml version="1.0" encoding="UTF-8"?>
<project-private xmlns="http://www.netbeans.org/ns/project-private/1">
    <editor-bookmarks xmlns="http://www.netbeans.org/ns/editor-bookmarks/2" lastBookmarkId="0"/>
    <open-files xmlns="http://www.netbeans.org/ns/projectui-open-files/2">
        <group>
            <file>file:/C:/Users/LENOVO/Documents/NetBeansProjects/UDMS/web/inventory.jsp</file>
            <file>file:/C:/Users/LENOVO/Documents/NetBeansProjects/UDMS/web/projects.jsp</file>
            <file>file:/C:/Users/LENOVO/Documents/NetBeansProjects/UDMS/web/deptInv.jsp</file>
            <file>file:/C:/Users/LENOVO/Documents/NetBeansProjects/UDMS/web/detailsToBeUpdated.jsp</file>
            <file>file:/C:/Users/LENOVO/Documents/NetBeansProjects/UDMS/web/completeUpdate.jsp</file>
            <file>file:/C:/Users/LENOVO/Documents/NetBeansProjects/UDMS/web/accounts.jsp</file>
            <file>file:/C:/Users/LENOVO/Documents/NetBeansProjects/UDMS/web/updatedMsg.jsp</file>
        </group>
    </open-files>
</project-private>
